username,password,creation_time
tan,tantan,2024-07-18T13:18:39.014739
qq,qq,2024-07-20T13:25:30.458341
prat,prat,2024-07-20T13:32:02.679391
Meer,1234,2024-07-20T13:47:27.822947
fg,23,2024-07-20T19:54:51.612408
gh,12,2024-07-20T19:55:47.381665
jk,123,2024-07-20T20:07:46.597038
fh,123,2024-07-20T20:06:18.132422
taya,123,2024-07-18T14:10:34.284292
Tanya,123,2024-07-20T19:53:41.320541
Ishaaq,1234,2024-08-03T23:25:13.274657
jkl,12345,2024-07-20T20:43:16.549714
ft,123,2024-07-20T19:35:33.848581
sss,sss,2024-07-20T13:39:13.381199
ghgh,12345,2024-07-20T20:39:51.291937
ghjk,123,2024-07-21T00:45:32.005228
TestUser6,1234,2024-08-03T23:28:10.936129
TestUser5,1234,2024-08-03T23:20:38.749270
TestUser8,1234,2024-08-06T13:24:26.300407
TestUser7,1234,2024-08-03T23:29:36.169153
TestUser2,1234,2024-07-21T19:13:03.117544
nivi,nivi,2024-07-20T13:47:27.822947
TestUser,1234,2024-07-21T19:12:09.194651
tr,123,2024-07-20T19:47:21.993148
